0.0012650000000000003,0.0025300000000000006,0.0,0.00043178529485227293,0.004272656132432292,0.002565620036333376,0.0,0,2600
0.0025300000000000006,0.0025300000000000006,0.0,0.00044701799025732077,0.0032888063919714865,9.837767011990296e-5,0.0,0,2600
0.0037950000000000006,0.0025300000000000006,0.0,0.0004349088109320161,0.00020077110223244325,0.004845690100999573,0.0,0,2600
0.005060000000000001,0.0025300000000000006,0.0,0.00044676264561232767,0.004059393053147645,0.0017028866469618595,0.0,0,2600
0.006325000000000002,0.0025300000000000006,0.0,0.00043672527175731414,0.0018402485488602535,0.004493649911668034,0.0,0,2600
0.007590000000000002,0.0025300000000000006,0.0,0.00044886519732134113,0.00323520656880338,0.0022502779571725077,0.0,0,2600
0.008855000000000002,0.0025300000000000006,0.0,0.0004267435073608868,0.0024760112417599187,0.0009203500347708478,0.0,0,2600
0.010120000000000002,0.0025300000000000006,0.0,0.0004543841074955699,0.002736517896800537,0.004344403102726859,0.0,0,2600
0.011385000000000003,0.0025300000000000006,0.0,0.0004359135368476493,0.002365153431412483,0.0011674705266458882,0.0,0,2600
0.012650000000000003,0.0025300000000000006,0.0,0.00047167429179476137,0.0033606034558536658,0.00204658326456312,0.0,0,2600
0.013915000000000004,0.0025300000000000006,0.0,0.000425292507224488,0.004292209783761598,0.0018787512129059822,0.0,0,2600
0.015180000000000004,0.0025300000000000006,0.0,0.00043898849144547754,0.001304597240364246,0.0013968390522481108,0.0,0,2600
0.016445000000000005,0.0025300000000000006,0.0,0.00046761550766337634,0.0029766013923651215,0.004411670049314802,0.0,0,2600
0.017710000000000004,0.0025300000000000006,0.0,0.0004271269469247539,0.004467063204152515,0.00019156658213537628,0.0,0,2600
0.018975000000000002,0.0025300000000000006,0.0,0.00045210299881146774,0.0015661323828077337,0.0037102668789962276,0.0,0,2600
0.0012650000000000003,0.0037950000000000006,0.0,0.0004914552983703106,0.0031783696424884313,0.000442407045793718,0.0,0,2600
0.0025300000000000006,0.0037950000000000006,0.0,0.0004272523531213197,0.0024519136565938587,0.004549734049691731,0.0,0,2600
0.0037950000000000006,0.0037950000000000006,0.0,0.00046505016747403735,0.002952732178966536,0.004496569213856165,0.0,0,2600
0.005060000000000001,0.0037950000000000006,0.0,0.00045758880181630637,0.004825639033221764,0.0002618404435041755,0.0,0,2600
0.006325000000000002,0.0037950000000000006,0.0,0.00047427443113395537,0.002520136975273586,0.00198141454453451,0.0,0,2600
0.007590000000000002,0.0037950000000000006,0.0,0.0004612704317040543,0.0033915337987315357,0.0007107879795805273,0.0,0,2600
0.008855000000000002,0.0037950000000000006,0.0,0.0004755034579237745,0.0045104911532514265,0.0016686974794848743,0.0,0,2600
0.010120000000000002,0.0037950000000000006,0.0,0.0004435229882069932,0.0045914958700139195,0.003487396923056611,0.0,0,2600
0.011385000000000003,0.0037950000000000006,0.0,0.000442118938568131,0.004990460762127464,0.002359145278037363,0.0,0,2600
0.012650000000000003,0.0037950000000000006,0.0,0.00042880901892660675,0.0022888934143821854,0.0016229932997063837,0.0,0,2600
0.013915000000000004,0.0037950000000000006,0.0,0.0004465764101300057,0.004108827219789284,0.00040436153201344204,0.0,0,2600
0.015180000000000004,0.0037950000000000006,0.0,0.00044978012289828133,0.0019888366602260005,0.0028988052255284878,0.0,0,2600
0.016445000000000005,0.0037950000000000006,0.0,0.00047705742746938045,0.004648450561795142,0.00417322305199582,0.0,0,2600
0.017710000000000004,0.0037950000000000006,0.0,0.0004326457887566353,0.002357261013739333,0.0008329730620975336,0.0,0,2600
0.018975000000000002,0.0037950000000000006,0.0,0.000439694792064788,0.004922288484020264,0.0016736660857959143,0.0,0,2600
0.0012650000000000003,0.005060000000000001,0.0,0.0004368030039817259,0.0010344244494601236,0.0028049371773298413,0.0,0,2600
0.0025300000000000006,0.005060000000000001,0.0,0.0004284812301076128,0.004501667012935641,0.004644538021294859,0.0,0,2600
0.0037950000000000006,0.005060000000000001,0.0,0.0004415294516446056,0.002937300798305424,0.0036868713509913015,0.0,0,2600
0.005060000000000001,0.005060000000000001,0.0,0.00047061018559630606,0.0005073284531380186,0.0018372029201324928,0.0,0,2600
0.006325000000000002,0.005060000000000001,0.0,0.0004290359999670551,0.0030838742788671385,0.00013890603180454544,0.0,0,2600
0.007590000000000002,0.005060000000000001,0.0,0.0004810302908307292,0.0035895379141053516,0.004801518428640807,0.0,0,2600
0.008855000000000002,0.005060000000000001,0.0,0.00043799629673842806,0.004320481911317333,0.0014575606896473866,0.0,0,2600
0.010120000000000002,0.005060000000000001,0.0,0.0004906383104836791,0.0006368690353774005,0.0007729301080900249,0.0,0,2600
0.011385000000000003,0.005060000000000001,0.0,0.000498297279417936,0.004824733323699341,0.00028468625788331933,0.0,0,2600
0.012650000000000003,0.005060000000000001,0.0,0.00043669593708074093,0.0007904235597370142,0.0031425000642808184,0.0,0,2600
0.013915000000000004,0.005060000000000001,0.0,0.00045504714657979467,4.755766817711228e-5,0.0049003668086972825,0.0,0,2600
0.015180000000000004,0.005060000000000001,0.0,0.00046017483784089593,0.0015943556417489472,0.0019699068736261397,0.0,0,2600
0.016445000000000005,0.005060000000000001,0.0,0.0004420157554476683,0.0013553676392088856,0.0010908543029571707,0.0,0,2600
0.017710000000000004,0.005060000000000001,0.0,0.000489536587337328,0.004250094766344876,0.003546639083215228,0.0,0,2600
0.018975000000000002,0.005060000000000001,0.0,0.0004934096590332521,0.0006172700529892706,0.0015435330498632968,0.0,0,2600
0.0012650000000000003,0.006325000000000002,0.0,0.000445868693386836,0.003270080983139747,0.001294168658550224,0.0,0,2600
0.0025300000000000006,0.006325000000000002,0.0,0.00047657187289815227,0.001993586799078067,0.0015097121892536129,0.0,0,2600
0.0037950000000000006,0.006325000000000002,0.0,0.0004421299548060912,0.0002716249565039647,0.0024107213657633356,0.0,0,2600
0.005060000000000001,0.006325000000000002,0.0,0.00047001502650883224,0.0013329607262626956,0.0004084213998818021,0.0,0,2600
0.006325000000000002,0.006325000000000002,0.0,0.0004840949119221885,0.004863642959599338,0.003693823068924143,0.0,0,2600
0.007590000000000002,0.006325000000000002,0.0,0.0004414190033102628,0.004242713343830565,0.0017374809041507365,0.0,0,2600
0.008855000000000002,0.006325000000000002,0.0,0.0004912063524319525,0.004489696273430078,0.003570764630470634,0.0,0,2600
0.010120000000000002,0.006325000000000002,0.0,0.0004823309206851108,0.0025588722116377774,0.001836402780858081,0.0,0,2600
0.011385000000000003,0.006325000000000002,0.0,0.0004936111915335637,0.0023265058187097484,0.004060592523472662,0.0,0,2600
0.012650000000000003,0.006325000000000002,0.0,0.00044561508978680327,0.001627803072843302,0.0024664456298094267,0.0,0,2600
0.013915000000000004,0.006325000000000002,0.0,0.0004809121741038115,0.0021290728030820354,0.004220949112021717,0.0,0,2600
0.015180000000000004,0.006325000000000002,0.0,0.00044436313460598806,0.004690372329214017,0.002503133243452669,0.0,0,2600
0.016445000000000005,0.006325000000000002,0.0,0.0004273239924829466,0.002431531024287378,0.00086872645976609,0.0,0,2600
0.017710000000000004,0.006325000000000002,0.0,0.00046938617914779,0.0005800348119901911,0.0024660425909457796,0.0,0,2600
0.018975000000000002,0.006325000000000002,0.0,0.0004780114012652543,0.0014613291459972158,0.003993420511894446,0.0,0,2600
0.0012650000000000003,0.007590000000000002,0.0,0.00046837313785494535,0.0023267155135403782,0.00040331895305851357,0.0,0,2600
0.0025300000000000006,0.007590000000000002,0.0,0.0004994245540589455,0.001015486512444241,0.004695567894016047,0.0,0,2600
0.0037950000000000006,0.007590000000000002,0.0,0.00046591981011767425,0.0005107022435255965,0.004331386842181547,0.0,0,2600
0.005060000000000001,0.007590000000000002,0.0,0.0004898241054973093,9.388534035870646e-5,0.004676395604733203,0.0,0,2600
0.006325000000000002,0.007590000000000002,0.0,0.0004947695906766451,0.0021439883453774878,0.00091800504676067,0.0,0,2600
0.007590000000000002,0.007590000000000002,0.0,0.0004904761712185025,0.00494532592400272,0.0049232738041635644,0.0,0,2600
0.008855000000000002,0.007590000000000002,0.0,0.0004895679878322646,0.0012039959653414875,0.0023395656483659265,0.0,0,2600
0.010120000000000002,0.007590000000000002,0.0,0.00046495845923388905,0.00032754902199866104,0.0005246309566564263,0.0,0,2600
0.011385000000000003,0.007590000000000002,0.0,0.0004460388911063599,0.004896438877395629,0.004599090515803015,0.0,0,2600
0.012650000000000003,0.007590000000000002,0.0,0.0004683408633251808,0.003916298836229407,0.004442219814592314,0.0,0,2600
0.013915000000000004,0.007590000000000002,0.0,0.000473477989153687,0.0010080809453749191,0.0010656432097486098,0.0,0,2600
0.015180000000000004,0.007590000000000002,0.0,0.0004446219353275058,0.0018067848451784221,0.0012698231430066061,0.0,0,2600
0.016445000000000005,0.007590000000000002,0.0,0.0004391892877009768,0.0034104587001464134,0.0010318173039831921,0.0,0,2600
0.017710000000000004,0.007590000000000002,0.0,0.00044619127912343267,0.00499830312824113,0.0006917202484192831,0.0,0,2600
0.018975000000000002,0.007590000000000002,0.0,0.0004461371252453581,0.00028191725046553825,0.004165468450323538,0.0,0,2600
0.0012650000000000003,0.008855000000000002,0.0,0.00043297007499762483,0.0011632769685815038,0.004120470563559605,0.0,0,2600
0.0025300000000000006,0.008855000000000002,0.0,0.0004262799814736251,0.0024409439120183416,0.002555884345354331,0.0,0,2600
0.0037950000000000006,0.008855000000000002,0.0,0.0004790282649308033,0.0025610383347337484,5.263910132130013e-5,0.0,0,2600
0.005060000000000001,0.008855000000000002,0.0,0.00046174083558364344,0.003385082518763838,0.002641559448323967,0.0,0,2600
0.006325000000000002,0.008855000000000002,0.0,0.0004977241871704769,0.0016796479052775845,0.004004783598233479,0.0,0,2600
0.007590000000000002,0.008855000000000002,0.0,0.0004756976378359608,0.0023925660136319485,0.0031759699225221818,0.0,0,2600
0.008855000000000002,0.008855000000000002,0.0,0.00044409437632629713,2.7055289806962595e-5,0.002861122076380687,0.0,0,2600
0.010120000000000002,0.008855000000000002,0.0,0.00046057486865698797,0.0035653695812222813,0.0038858187419890822,0.0,0,2600
0.011385000000000003,0.008855000000000002,0.0,0.00048561698649188793,0.0003596479008885695,0.004148730871247859,0.0,0,2600
0.012650000000000003,0.008855000000000002,0.0,0.0004947748344404493,0.0024776072246030377,0.001184259795428134,0.0,0,2600
0.013915000000000004,0.008855000000000002,0.0,0.0004637770552203907,0.0033614823619889764,0.002489100613153641,0.0,0,2600
0.015180000000000004,0.008855000000000002,0.0,0.00047813343457784186,0.0015893972803765358,0.0006465084158951852,0.0,0,2600
0.016445000000000005,0.008855000000000002,0.0,0.00044025185351659124,0.0031763920369555602,0.0039027651952120612,0.0,0,2600
0.017710000000000004,0.008855000000000002,0.0,0.0004810515278152945,0.0013619642124248074,0.0020889293850693113,0.0,0,2600
0.018975000000000002,0.008855000000000002,0.0,0.00044755011710450617,0.0009192647814912298,0.00196708156672224,0.0,0,2600
0.0012650000000000003,0.010120000000000002,0.0,0.00047304227523179397,0.0010404024135870673,0.001971539924080255,0.0,0,2600
0.0025300000000000006,0.010120000000000002,0.0,0.0004476876133245818,0.004568507717475961,0.0027102749492772704,0.0,0,2600
0.0037950000000000006,0.010120000000000002,0.0,0.0004575817076064081,0.004662431332128934,0.0005719334295421542,0.0,0,2600
0.005060000000000001,0.010120000000000002,0.0,0.0004784018133017542,0.001114336512273444,0.0038768448380052745,0.0,0,2600
0.006325000000000002,0.010120000000000002,0.0,0.0004919254655814034,0.0034596443040714976,8.086470885271813e-6,0.0,0,2600
0.007590000000000002,0.010120000000000002,0.0,0.0004989951920253523,0.001108250730282,0.002501458263496563,0.0,0,2600
0.008855000000000002,0.010120000000000002,0.0,0.00044229940057220095,0.002888305425588283,0.00033807363547472665,0.0,0,2600
0.010120000000000002,0.010120000000000002,0.0,0.0004910502432303285,0.0041316770896846116,0.00207165242248042,0.0,0,2600
0.011385000000000003,0.010120000000000002,0.0,0.00046451462938459134,0.0029726578723603143,0.00318262341216538,0.0,0,2600
0.012650000000000003,0.010120000000000002,0.0,0.0004867246052556251,0.0026670480144318246,0.0003048458314044045,0.0,0,2600
0.013915000000000004,0.010120000000000002,0.0,0.00042969494270690835,0.0035681734604659883,0.0016308912144084057,0.0,0,2600
0.015180000000000004,0.010120000000000002,0.0,0.0004953947666492612,0.0033541895922963995,0.0047158909244147335,0.0,0,2600
0.016445000000000005,0.010120000000000002,0.0,0.0004316004127247092,0.004167720746962949,0.003711156687906106,0.0,0,2600
0.017710000000000004,0.010120000000000002,0.0,0.000476146851982888,0.000405522976008797,0.002757221956823967,0.0,0,2600
0.018975000000000002,0.010120000000000002,0.0,0.0004722434790054921,0.0015244350606133075,0.0035381698381759703,0.0,0,2600
0.0012650000000000003,0.011385000000000003,0.0,0.0004384453702739833,0.003162067077630385,0.00033687969367866507,0.0,0,2600
0.0025300000000000006,0.011385000000000003,0.0,0.0004315815825550128,0.004484456949156866,0.004724207154740685,0.0,0,2600
0.0037950000000000006,0.011385000000000003,0.0,0.0004954863055213743,0.0009561701370753968,0.0020204378196344236,0.0,0,2600
0.005060000000000001,0.011385000000000003,0.0,0.00048590758633541836,0.0048635912765944145,0.00041355080345613035,0.0,0,2600
0.006325000000000002,0.011385000000000003,0.0,0.00048715023445976714,0.002700036884930996,0.003672084999948021,0.0,0,2600
0.007590000000000002,0.011385000000000003,0.0,0.0004896392164865279,0.00043683340032676216,0.000140622683458721,0.0,0,2600
0.008855000000000002,0.011385000000000003,0.0,0.0004291593752273034,0.0027086094043495723,0.0005968847328218619,0.0,0,2600
0.010120000000000002,0.011385000000000003,0.0,0.00043364476998790976,0.0016382809464612139,0.0035018780241953817,0.0,0,2600
0.011385000000000003,0.011385000000000003,0.0,0.0004493974398563253,0.003838087167448666,0.004078457425084304,0.0,0,2600
0.012650000000000003,0.011385000000000003,0.0,0.00044783056751750985,0.0035747964931153505,0.002785027103532024,0.0,0,2600
0.013915000000000004,0.011385000000000003,0.0,0.0004460720995060866,0.00019759997226227735,0.003337296873581398,0.0,0,2600
0.015180000000000004,0.011385000000000003,0.0,0.0004302199425082342,0.0026167997244151723,0.0020488582619136064,0.0,0,2600
0.016445000000000005,0.011385000000000003,0.0,0.0004891014859365306,0.0028343510174223714,0.001550890330914523,0.0,0,2600
0.017710000000000004,0.011385000000000003,0.0,0.0004509357665750789,0.0011820439945946328,0.0049881670669687,0.0,0,2600
0.018975000000000002,0.011385000000000003,0.0,0.0004316565183703165,0.003332976397163333,0.0007371231114942546,0.0,0,2600
0.0012650000000000003,0.012650000000000003,0.0,0.0004459715726380676,0.0022902681030501763,0.004129573204263261,0.0,0,2600
0.0025300000000000006,0.012650000000000003,0.0,0.0004653252754381378,0.003626738037752268,0.0009273161366446333,0.0,0,2600
0.0037950000000000006,0.012650000000000003,0.0,0.000489470958239165,0.001346625152439486,0.003199773810328725,0.0,0,2600
0.005060000000000001,0.012650000000000003,0.0,0.0004418088181870667,0.003785994232227742,0.001920036599644072,0.0,0,2600
0.006325000000000002,0.012650000000000003,0.0,0.0004562086433745898,0.0030742432771819345,0.004884875145304301,0.0,0,2600
0.007590000000000002,0.012650000000000003,0.0,0.0004888326938881929,0.0008715476696557819,0.004183051737695745,0.0,0,2600
0.008855000000000002,0.012650000000000003,0.0,0.000445473324757722,0.004460271041449969,0.0034350804734921653,0.0,0,2600
0.010120000000000002,0.012650000000000003,0.0,0.0004957809952297216,0.003212048934505943,0.004409989305503905,0.0,0,2600
0.011385000000000003,0.012650000000000003,0.0,0.00046025431888637065,0.0020777987630768,0.0013348901754325524,0.0,0,2600
0.012650000000000003,0.012650000000000003,0.0,0.00045383232703608277,0.003721287725630901,0.003460390029562903,0.0,0,2600
0.013915000000000004,0.012650000000000003,0.0,0.0004760475016389617,0.004343887636557564,0.0022016430629363715,0.0,0,2600
0.015180000000000004,0.012650000000000003,0.0,0.0004323409765398006,0.00397453759189158,0.0016867438144486332,0.0,0,2600
0.016445000000000005,0.012650000000000003,0.0,0.00046487547009213054,0.000791251781638105,0.00429938605462613,0.0,0,2600
0.017710000000000004,0.012650000000000003,0.0,0.0004263525184004276,0.0007368754760691567,0.00024924675994795093,0.0,0,2600
0.018975000000000002,0.012650000000000003,0.0,0.0004394975428078519,0.002989797105537521,0.004573124622693926,0.0,0,2600
0.0012650000000000003,0.013915000000000004,0.0,0.00042875394732775187,0.0014865639916152842,0.0012605804492626129,0.0,0,2600
0.0025300000000000006,0.013915000000000004,0.0,0.00043681169483738566,0.002839267691164472,0.004236779560577446,0.0,0,2600
0.0037950000000000006,0.013915000000000004,0.0,0.0004944666279475977,0.002691402502683371,0.004541261412159527,0.0,0,2600
0.005060000000000001,0.013915000000000004,0.0,0.0004859805312596514,0.004915155978211744,0.0029211397472274237,0.0,0,2600
0.006325000000000002,0.013915000000000004,0.0,0.0004686366347749748,0.004179666166051302,0.0005974554829217772,0.0,0,2600
0.007590000000000002,0.013915000000000004,0.0,0.00043595760317528804,0.0005908317398834563,0.004980083676034018,0.0,0,2600
0.008855000000000002,0.013915000000000004,0.0,0.0004709388987843876,0.004331858361831172,0.0019131161685507745,0.0,0,2600
0.010120000000000002,0.013915000000000004,0.0,0.0004413273648078512,0.0027190474175784584,0.0011209381950997546,0.0,0,2600
0.011385000000000003,0.013915000000000004,0.0,0.00043937184788986474,0.004008984771531467,0.0013153144599138587,0.0,0,2600
0.012650000000000003,0.013915000000000004,0.0,0.0004753078929164659,4.088396952788288e-5,0.0011300179026288927,0.0,0,2600
0.013915000000000004,0.013915000000000004,0.0,0.00046713468862441304,0.0037062199080794456,0.0002819414677780563,0.0,0,2600
0.015180000000000004,0.013915000000000004,0.0,0.00043041034757310256,0.001446519333999042,0.0029521531488331293,0.0,0,2600
0.016445000000000005,0.013915000000000004,0.0,0.0004879453861918971,0.003798861995470201,0.0016522315175715755,0.0,0,2600
0.017710000000000004,0.013915000000000004,0.0,0.0004585777654465971,0.0046765589819736785,0.002266949997258871,0.0,0,2600
0.018975000000000002,0.013915000000000004,0.0,0.000481104989509401,0.004632614115976034,0.0013823867382975273,0.0,0,2600
0.0012650000000000003,0.015180000000000004,0.0,0.00048206969384661065,0.003335025429320023,0.004760841637680707,0.0,0,2600
0.0025300000000000006,0.015180000000000004,0.0,0.00047555228469017954,0.00018776312254288334,0.00431267968571556,0.0,0,2600
0.0037950000000000006,0.015180000000000004,0.0,0.00047074681376879825,0.002581369312574519,0.0011021402052488834,0.0,0,2600
0.005060000000000001,0.015180000000000004,0.0,0.00047062838082052914,0.002118128859102959,0.0010142179382071311,0.0,0,2600
0.006325000000000002,0.015180000000000004,0.0,0.00045922165131627717,0.0012466745299761774,0.00337308931012097,0.0,0,2600
0.007590000000000002,0.015180000000000004,0.0,0.0004668049110764968,0.0012007726860390185,0.0031927541198697898,0.0,0,2600
0.008855000000000002,0.015180000000000004,0.0,0.0004753171782342453,0.0002869749136994987,0.004955942870089866,0.0,0,2600
0.010120000000000002,0.015180000000000004,0.0,0.00047668202243807394,0.0004428648903634725,0.0002813736893830355,0.0,0,2600
0.011385000000000003,0.015180000000000004,0.0,0.0004550723999623037,0.003923260824535126,0.004358738502779236,0.0,0,2600
0.012650000000000003,0.015180000000000004,0.0,0.00044740932363601806,0.002550346559062444,0.0017220432227449231,0.0,0,2600
0.013915000000000004,0.015180000000000004,0.0,0.00047941494240364893,0.004986308067239641,0.0001238600235340487,0.0,0,2600
0.015180000000000004,0.015180000000000004,0.0,0.00045296776535080387,9.023275563124269e-5,0.002891528974576085,0.0,0,2600
0.016445000000000005,0.015180000000000004,0.0,0.00043884064912436447,0.0016799603137373357,0.0010088614254257125,0.0,0,2600
0.017710000000000004,0.015180000000000004,0.0,0.00043803988579239797,0.0011982778336129631,0.0029586473476828725,0.0,0,2600
0.018975000000000002,0.015180000000000004,0.0,0.000489810736214617,0.002532923309359467,0.0008110136381756357,0.0,0,2600
0.0012650000000000003,0.016445000000000005,0.0,0.0004337329893157007,0.00489087766006167,0.0037238226800582483,0.0,0,2600
0.0025300000000000006,0.016445000000000005,0.0,0.0004265220913541284,0.0031814193584257795,0.0018238942349472506,0.0,0,2600
0.0037950000000000006,0.016445000000000005,0.0,0.0004800441225542898,0.0017477258699319274,0.0029603338975987287,0.0,0,2600
0.005060000000000001,0.016445000000000005,0.0,0.0004811774511812994,0.0016262094890621772,0.004886859112125492,0.0,0,2600
0.006325000000000002,0.016445000000000005,0.0,0.0004317351471500712,0.00023835772694442596,0.002880187352419886,0.0,0,2600
0.007590000000000002,0.016445000000000005,0.0,0.0004485621564159302,0.0004219362619875395,0.0041518030867218015,0.0,0,2600
0.008855000000000002,0.016445000000000005,0.0,0.0004545467181985144,0.0033728950874186876,0.0005782501013421999,0.0,0,2600
0.010120000000000002,0.016445000000000005,0.0,0.00043467439712463967,0.0020596651561545724,0.0002923924876108575,0.0,0,2600
0.011385000000000003,0.016445000000000005,0.0,0.00046086312066716246,0.0013723531002685738,0.002991438950010788,0.0,0,2600
0.012650000000000003,0.016445000000000005,0.0,0.000497790950542168,0.0045550677764504745,0.004603450741598047,0.0,0,2600
0.013915000000000004,0.016445000000000005,0.0,0.0004665369730481936,0.003957062519282608,0.0020166919163492375,0.0,0,2600
0.015180000000000004,0.016445000000000005,0.0,0.00048782038759596767,0.001765848459527252,0.002725912710330174,0.0,0,2600
0.016445000000000005,0.016445000000000005,0.0,0.0004830187393685145,0.003939369296315532,0.0005008061587238911,0.0,0,2600
0.017710000000000004,0.016445000000000005,0.0,0.0004499985397194004,0.0027445338594028774,0.003282970105722105,0.0,0,2600
0.018975000000000002,0.016445000000000005,0.0,0.0004942777976017969,0.0031512086771552377,0.001358796492349065,0.0,0,2600
0.0012650000000000003,0.017710000000000004,0.0,0.00044959456653300583,0.0016621650138134573,0.003421904996387218,0.0,0,2600
0.0025300000000000006,0.017710000000000004,0.0,0.00045749690830552617,0.003972834478313983,0.00045584716976567916,0.0,0,2600
0.0037950000000000006,0.017710000000000004,0.0,0.0004985505286032742,0.0040980511445625695,0.003172425483132864,0.0,0,2600
0.005060000000000001,0.017710000000000004,0.0,0.0004650895954571992,0.0005463333378830233,0.0010009131174067056,0.0,0,2600
0.006325000000000002,0.017710000000000004,0.0,0.0004555404442294779,0.0013463589826867874,0.004837444547767201,0.0,0,2600
0.007590000000000002,0.017710000000000004,0.0,0.0004646828512260375,0.0014078564120134198,0.004786248339996834,0.0,0,2600
0.008855000000000002,0.017710000000000004,0.0,0.0004478525738551237,0.0006571118544148109,0.0017434289792919964,0.0,0,2600
0.010120000000000002,0.017710000000000004,0.0,0.0004262512206110985,0.0007419176757646314,0.0023695491063738475,0.0,0,2600
0.011385000000000003,0.017710000000000004,0.0,0.00046704432462128304,0.00023870144881722516,0.004133312033097292,0.0,0,2600
0.012650000000000003,0.017710000000000004,0.0,0.00045556017938747225,0.0038649423206546353,0.004816467154825129,0.0,0,2600
0.013915000000000004,0.017710000000000004,0.0,0.0004494889070386359,0.0017149356008671426,0.0027257530865318685,0.0,0,2600
0.015180000000000004,0.017710000000000004,0.0,0.0004631897075754577,0.0020020287241597867,0.0022475085220627555,0.0,0,2600
0.016445000000000005,0.017710000000000004,0.0,0.0004482519251368766,0.004334809505108731,0.00018742477802893124,0.0,0,2600
0.017710000000000004,0.017710000000000004,0.0,0.0004945597584232373,0.00499939576640369,0.003959672041121762,0.0,0,2600
0.018975000000000002,0.017710000000000004,0.0,0.0004313226165184608,0.0038732378432416526,0.003696769999761999,0.0,0,2600
0.0012650000000000003,0.018975000000000002,0.0,0.0004892533905874878,0.0011555361472454747,0.003858556293653774,0.0,0,2600
0.0025300000000000006,0.018975000000000002,0.0,0.0004996439258759314,0.004731544320204075,0.00014586026355323248,0.0,0,2600
0.0037950000000000006,0.018975000000000002,0.0,0.0004985465760009359,0.0038523523417417264,0.0019848260574710855,0.0,0,2600
0.005060000000000001,0.018975000000000002,0.0,0.0004631288096078632,0.00060281661997528,0.003056051853629892,0.0,0,2600
0.006325000000000002,0.018975000000000002,0.0,0.0004968082171288156,0.003983735150861596,0.004040902990030262,0.0,0,2600
0.007590000000000002,0.018975000000000002,0.0,0.00047817643262370164,0.0017809221448912664,0.0024418326788235383,0.0,0,2600
0.008855000000000002,0.018975000000000002,0.0,0.0004854216122516684,0.0025577349924965414,1.6672106260257062e-5,0.0,0,2600
0.010120000000000002,0.018975000000000002,0.0,0.000491953121205838,0.003245890224563625,0.0030846690683540836,0.0,0,2600
0.011385000000000003,0.018975000000000002,0.0,0.0004807055442527552,0.0017555380730246398,0.004643442039592514,0.0,0,2600
0.012650000000000003,0.018975000000000002,0.0,0.00048332920338436247,0.00014749394890707594,0.0017926422359233756,0.0,0,2600
0.013915000000000004,0.018975000000000002,0.0,0.00044599378628858475,0.003554365301446769,0.003976094740419085,0.0,0,2600
0.015180000000000004,0.018975000000000002,0.0,0.00047031422743635203,0.0026923136293347098,0.0010127877284812406,0.0,0,2600
0.016445000000000005,0.018975000000000002,0.0,0.0004358654091062958,8.902373069747006e-5,0.0014591666782301236,0.0,0,2600
0.017710000000000004,0.018975000000000002,0.0,0.00047468416964367634,0.0033166851527788232,0.00023365081795093728,0.0,0,2600
0.018975000000000002,0.018975000000000002,0.0,0.0004372165503310622,0.0038782931236888488,0.00017044649659557436,0.0,0,2600
0.0012650000000000003,0.02024,0.0,0.0004695989975386261,0.00022717786626642481,0.001513897938935114,0.0,0,2600
0.0025300000000000006,0.02024,0.0,0.00044867447682746573,0.0018604492628867572,0.002273903338353931,0.0,0,2600
0.0037950000000000006,0.02024,0.0,0.0004743558354645677,0.0028819134136099976,0.0027599351402234555,0.0,0,2600
0.005060000000000001,0.02024,0.0,0.00043840083927929003,0.0017637179525471073,0.0005480449330896943,0.0,0,2600
0.006325000000000002,0.02024,0.0,0.0004578984640282426,0.0008191357696027331,0.001492018932827505,0.0,0,2600
0.007590000000000002,0.02024,0.0,0.00045402544749958344,0.0012047335545263384,0.0029686941713258537,0.0,0,2600
0.008855000000000002,0.02024,0.0,0.000486636365992426,0.0003133498386324324,0.0034455653128354032,0.0,0,2600
0.010120000000000002,0.02024,0.0,0.00048672671303356724,0.003962513119987543,0.004937536281996265,0.0,0,2600
0.011385000000000003,0.02024,0.0,0.0004710519698932098,0.00010967698068287015,0.0020374085427103724,0.0,0,2600
0.012650000000000003,0.02024,0.0,0.00043561403100694454,0.004998382590866279,0.0035943979973396102,0.0,0,2600
0.013915000000000004,0.02024,0.0,0.00045080277919774,0.003401668888862379,0.004407315002346516,0.0,0,2600
0.015180000000000004,0.02024,0.0,0.0004506298553118794,0.0017048767161936377,0.0007083001538564677,0.0,0,2600
0.016445000000000005,0.02024,0.0,0.00044751976979753047,0.0004962612746255131,0.0014358636438664954,0.0,0,2600
0.017710000000000004,0.02024,0.0,0.00048367562471966086,0.0004114345617911936,0.003116637104859253,0.0,0,2600
0.018975000000000002,0.02024,0.0,0.0004752536311061903,0.004189730097360739,0.001972563928780023,0.0,0,2600
0.0012650000000000003,0.021505,0.0,0.00048725069034880227,0.0025449856735709495,0.0038235518923412765,0.0,0,2600
0.0025300000000000006,0.021505,0.0,0.00047038209638687346,0.003175046967871987,0.00028773498081960175,0.0,0,2600
0.0037950000000000006,0.021505,0.0,0.0004632566250192371,0.004574584213543065,0.004428465167025983,0.0,0,2600
0.005060000000000001,0.021505,0.0,0.00044786872465382477,0.0040470144783354076,0.000283910878269974,0.0,0,2600
0.006325000000000002,0.021505,0.0,0.00048074228984190453,0.001771773033544262,0.004485096299970231,0.0,0,2600
0.007590000000000002,0.021505,0.0,0.000473541922839328,0.004813854465290491,0.0023335178280662824,0.0,0,2600
0.008855000000000002,0.021505,0.0,0.0004500538663735405,0.003352365767944899,0.0023112095470686567,0.0,0,2600
0.010120000000000002,0.021505,0.0,0.00042502325884197277,0.004972194988295288,0.0030803997956827148,0.0,0,2600
0.011385000000000003,0.021505,0.0,0.00046143369371898734,0.00402269195576845,0.003688608723909787,0.0,0,2600
0.012650000000000003,0.021505,0.0,0.0004915733815689401,0.002069065035885507,0.003861186861066976,0.0,0,2600
0.013915000000000004,0.021505,0.0,0.0004381401487134384,0.00046236993764620045,0.00041513300015249394,0.0,0,2600
0.015180000000000004,0.021505,0.0,0.00048512119940355517,0.002192183526501631,0.004917899603761413,0.0,0,2600
0.016445000000000005,0.021505,0.0,0.00047274074155052636,0.0015500303052408218,0.004339889007940603,0.0,0,2600
0.017710000000000004,0.021505,0.0,0.0004507873758517428,0.002450207114358384,0.002273395571909353,0.0,0,2600
0.018975000000000002,0.021505,0.0,0.0004518713428250925,0.0009142165635396806,0.0008024678351410798,0.0,0,2600
0.0012650000000000003,0.02277,0.0,0.0004434173649081021,0.0035333917355134356,0.0023131753763655926,0.0,0,2600
0.0025300000000000006,0.02277,0.0,0.00044988504904615957,0.002984158298890663,0.004346955112268759,0.0,0,2600
0.0037950000000000006,0.02277,0.0,0.0004289668947762719,0.004363496964664612,0.002986706496027614,0.0,0,2600
0.005060000000000001,0.02277,0.0,0.0004905094395193648,0.0028489812083062295,9.788316188604598e-5,0.0,0,2600
0.006325000000000002,0.02277,0.0,0.00043421754655399204,7.067483347014904e-5,0.002181721525553886,0.0,0,2600
0.007590000000000002,0.02277,0.0,0.0004519430372662014,0.0013400343785777205,0.0034686185169593184,0.0,0,2600
0.008855000000000002,0.02277,0.0,0.00048489713913756175,0.0030449513827900104,0.002495199094517568,0.0,0,2600
0.010120000000000002,0.02277,0.0,0.0004597047503810527,0.0020586715504646155,0.004342492486296173,0.0,0,2600
0.011385000000000003,0.02277,0.0,0.00042808302540118533,0.0017262183070325674,0.0013229444740324517,0.0,0,2600
0.012650000000000003,0.02277,0.0,0.0004786629726016604,0.0012639569087348097,0.0013728289381891886,0.0,0,2600
0.013915000000000004,0.02277,0.0,0.00047818101108050933,0.00034680271335024,0.0017070522120900232,0.0,0,2600
0.015180000000000004,0.02277,0.0,0.0004347069172315223,0.001952013134865011,0.0006459468256075753,0.0,0,2600
0.016445000000000005,0.02277,0.0,0.0004844815936174203,0.003318971098587901,0.0007563931016176913,0.0,0,2600
0.017710000000000004,0.02277,0.0,0.0004953316764609043,0.004654273737285564,0.004125437994917617,0.0,0,2600
0.018975000000000002,0.02277,0.0,0.0004365019745781654,0.0020984385186631625,0.0007158511665244733,0.0,0,2600
0.0012650000000000003,0.024034999999999997,0.0,0.00044078681807932903,0.0015115726748423227,0.00012446919356358003,0.0,0,2600
0.0025300000000000006,0.024034999999999997,0.0,0.0004564059139342539,0.0025913268270079575,0.003764958948116808,0.0,0,2600
0.0037950000000000006,0.024034999999999997,0.0,0.0004547237256666861,0.0010655571728301351,0.0048070228578418195,0.0,0,2600
0.005060000000000001,0.024034999999999997,0.0,0.0004579597963714325,0.002856912315304104,0.0044714986562561345,0.0,0,2600
0.006325000000000002,0.024034999999999997,0.0,0.0004985736999684852,0.0029565385836648416,0.0029312518189150427,0.0,0,2600
0.007590000000000002,0.024034999999999997,0.0,0.0004887674313016069,0.0035677060908374603,0.0025648475947218034,0.0,0,2600
0.008855000000000002,0.024034999999999997,0.0,0.0004575515566928409,0.003734136589072198,0.001875797896510709,0.0,0,2600
0.010120000000000002,0.024034999999999997,0.0,0.0004579867293187178,0.0007311280898487528,0.004819852107075583,0.0,0,2600
0.011385000000000003,0.024034999999999997,0.0,0.0004472469853252372,0.0040163182699379735,0.002506798567028019,0.0,0,2600
0.012650000000000003,0.024034999999999997,0.0,0.00047073016825839977,0.001259252312640369,0.002197337990594333,0.0,0,2600
0.013915000000000004,0.024034999999999997,0.0,0.00048473350938611916,0.0020732493116807325,0.003853201417978898,0.0,0,2600
0.015180000000000004,0.024034999999999997,0.0,0.0004492401471152251,0.0012736058146285065,0.002487566905154388,0.0,0,2600
0.016445000000000005,0.024034999999999997,0.0,0.000467662403659318,0.003558894619473366,0.004909883933887005,0.0,0,2600
0.017710000000000004,0.024034999999999997,0.0,0.00045039804220857243,0.0027660320664341887,0.004637954668504614,0.0,0,2600
0.018975000000000002,0.024034999999999997,0.0,0.000482202200979481,0.004619797796188191,0.0036372455161129236,0.0,0,2600
0.0012650000000000003,0.025299999999999996,0.0,0.00042799031532921223,0.00448867601587476,0.0006301212259298179,0.0,0,2600
0.0025300000000000006,0.025299999999999996,0.0,0.0004457085442642776,0.0039260079862858495,0.0048941437472599224,0.0,0,2600
0.0037950000000000006,0.025299999999999996,0.0,0.00047077395235374926,0.004619175444149386,0.0037809954837688246,0.0,0,2600
0.005060000000000001,0.025299999999999996,0.0,0.0004621589837687068,0.0019370128954105884,0.001637485251420192,0.0,0,2600
0.006325000000000002,0.025299999999999996,0.0,0.00047471626098492055,0.0024299667498215993,0.0031885379089316495,0.0,0,2600
0.007590000000000002,0.025299999999999996,0.0,0.0004383215129115831,0.0018038282605761034,0.00016884846808908565,0.0,0,2600
0.008855000000000002,0.025299999999999996,0.0,0.00048770978822444477,0.0036752562561765873,0.0039046165607060875,0.0,0,2600
0.010120000000000002,0.025299999999999996,0.0,0.00046583741656771845,0.0043959743226005665,0.004656651807601202,0.0,0,2600
0.011385000000000003,0.025299999999999996,0.0,0.0004543816587384901,0.0013475873789522872,0.003355523267577368,0.0,0,2600
0.012650000000000003,0.025299999999999996,0.0,0.0004575391895942672,0.0022323129529825043,0.002081641283694252,0.0,0,2600
0.013915000000000004,0.025299999999999996,0.0,0.00046163765965278393,0.004984276467793944,0.0030871054032826813,0.0,0,2600
0.015180000000000004,0.025299999999999996,0.0,0.0004898149774609366,0.0011846055953585557,0.002285309216568796,0.0,0,2600
0.016445000000000005,0.025299999999999996,0.0,0.0004386506413798235,0.0017714979309782402,0.00235085484813216,0.0,0,2600
0.017710000000000004,0.025299999999999996,0.0,0.00045790286832521554,0.0002125453970836561,0.0007433194300546237,0.0,0,2600
0.018975000000000002,0.025299999999999996,0.0,0.00047859757660267233,0.0009223396641287881,0.004684740166052037,0.0,0,2600
0.0012650000000000003,0.026564999999999995,0.0,0.0004816419175723898,0.0010585116062043233,0.002202097963150073,0.0,0,2600
0.0025300000000000006,0.026564999999999995,0.0,0.00045617626957847004,0.003138249120500009,0.0023527624679879843,0.0,0,2600
0.0037950000000000006,0.026564999999999995,0.0,0.0004264522636442039,0.002678534323202079,0.0028234254400837655,0.0,0,2600
0.005060000000000001,0.026564999999999995,0.0,0.0004833467903684633,0.0016293511159281952,0.004550764800323463,0.0,0,2600
0.006325000000000002,0.026564999999999995,0.0,0.0004881674404875824,0.0014607856016989177,0.00413935130016588,0.0,0,2600
0.007590000000000002,0.026564999999999995,0.0,0.00044168811442692744,0.00447677485923248,0.0029910493224637024,0.0,0,2600
0.008855000000000002,0.026564999999999995,0.0,0.0004792092502282012,0.0010245951810022842,0.00479221579052921,0.0,0,2600
0.010120000000000002,0.026564999999999995,0.0,0.00045740535136793293,0.0010279074465458474,0.0020070486480187524,0.0,0,2600
0.011385000000000003,0.026564999999999995,0.0,0.0004721784093937307,0.004310875889809583,0.004401985251055356,0.0,0,2600
0.012650000000000003,0.026564999999999995,0.0,0.00046930685973385866,0.004705013972212667,0.0027532189196394097,0.0,0,2600
0.013915000000000004,0.026564999999999995,0.0,0.0004665594307824459,0.003358361048082262,0.0035835861273716125,0.0,0,2600
0.015180000000000004,0.026564999999999995,0.0,0.0004986160085821968,0.0017576724197639645,0.004423777965524221,0.0,0,2600
0.016445000000000005,0.026564999999999995,0.0,0.0004315098523227703,0.0043705928513964164,0.0030116648697764716,0.0,0,2600
0.017710000000000004,0.026564999999999995,0.0,0.0004578256735572407,0.0004747392010375846,0.0036089148820741637,0.0,0,2600
0.018975000000000002,0.026564999999999995,0.0,0.0004462792795019246,0.004717992956744887,0.0039519083281884864,0.0,0,2600
0.0012650000000000003,0.027829999999999994,0.0,0.0004979101808683837,0.00141208779933595,0.0038104936769257198,0.0,0,2600
0.0025300000000000006,0.027829999999999994,0.0,0.0004407699506134713,0.0033212562882419545,0.002527496462652204,0.0,0,2600
0.0037950000000000006,0.027829999999999994,0.0,0.00048217400759591303,0.004341171933905309,0.002830501606790183,0.0,0,2600
0.005060000000000001,0.027829999999999994,0.0,0.00046897498888927763,0.003362226840727027,0.00334559194118631,0.0,0,2600
0.006325000000000002,0.027829999999999994,0.0,0.0004331097650498515,0.000497215985196577,0.00014969711641968144,0.0,0,2600
0.007590000000000002,0.027829999999999994,0.0,0.0004494063823326561,0.0048049654007669765,0.0001500384610363537,0.0,0,2600
0.008855000000000002,0.027829999999999994,0.0,0.00046568257644940826,0.0024756706712741085,0.002174084067055759,0.0,0,2600
0.010120000000000002,0.027829999999999994,0.0,0.0004886940538761033,0.0010427395435333878,0.00201823371939499,0.0,0,2600
0.011385000000000003,0.027829999999999994,0.0,0.0004983284937932183,0.004913319135574989,0.0025606025707332874,0.0,0,2600
0.012650000000000003,0.027829999999999994,0.0,0.0004986296803645499,0.003100117554291429,0.003949912674799472,0.0,0,2600
0.013915000000000004,0.027829999999999994,0.0,0.0004465997670743762,0.0008264999392770207,0.0012845838645270315,0.0,0,2600
0.015180000000000004,0.027829999999999994,0.0,0.0004913505490045764,0.0038567753468739872,0.0002062811962939304,0.0,0,2600
0.016445000000000005,0.027829999999999994,0.0,0.0004869009681105908,0.0013274556441725763,0.0043039127607668965,0.0,0,2600
0.017710000000000004,0.027829999999999994,0.0,0.0004989384392855949,0.003907242347604167,0.004949160074604818,0.0,0,2600
0.018975000000000002,0.027829999999999994,0.0,0.00044827721313122715,0.004047063830340288,0.0022707722375529876,0.0,0,2600
0.0012650000000000003,0.029094999999999992,0.0,0.00046095130972956553,0.0004980829762498097,0.002880493819056752,0.0,0,2600
0.0025300000000000006,0.029094999999999992,0.0,0.00045045547957085297,0.0036455878407023277,0.0009425350607354917,0.0,0,2600
0.0037950000000000006,0.029094999999999992,0.0,0.00043021123576952457,0.004318805882228726,0.00043983971285684774,0.0,0,2600
0.005060000000000001,0.029094999999999992,0.0,0.0004970697703414869,0.001670849094436164,0.0026955044491125796,0.0,0,2600
0.006325000000000002,0.029094999999999992,0.0,0.00047291746321500563,0.00024804068375472004,0.00420489834962623,0.0,0,2600
0.007590000000000002,0.029094999999999992,0.0,0.00048391125794647886,0.0027557966601664615,0.00023811994995018743,0.0,0,2600
0.008855000000000002,0.029094999999999992,0.0,0.00046648154426050546,0.0014029316300274717,0.004335119209323042,0.0,0,2600
0.010120000000000002,0.029094999999999992,0.0,0.0004520350975928291,0.004749046117541217,0.0039005423645299703,0.0,0,2600
0.011385000000000003,0.029094999999999992,0.0,0.00045726168685225144,0.002980558723246122,0.00438764618169171,0.0,0,2600
0.012650000000000003,0.029094999999999992,0.0,0.0004254426483180749,0.002502754055753811,0.00013384680751153514,0.0,0,2600
0.013915000000000004,0.029094999999999992,0.0,0.0004836010991662834,0.0034179066146733466,0.002132562428725683,0.0,0,2600
0.015180000000000004,0.029094999999999992,0.0,0.0004280630268338027,0.002646780238526664,0.002994404176512073,0.0,0,2600
0.016445000000000005,0.029094999999999992,0.0,0.00045929068282739424,0.0010924953755371376,0.004017590645995,0.0,0,2600
0.017710000000000004,0.029094999999999992,0.0,0.0004709545672594296,0.004818360295689919,0.0007365092046247919,0.0,0,2600
0.018975000000000002,0.029094999999999992,0.0,0.00046350330372331184,0.0022333105674400594,0.000770173524342951,0.0,0,2600
0.0012650000000000003,0.03035999999999999,0.0,0.0004994467386590851,0.0024864947048671704,0.0008378970887460354,0.0,0,2600
0.0025300000000000006,0.03035999999999999,0.0,0.0004477051468041412,0.00465409682926566,0.0009798617259980475,0.0,0,2600
0.0037950000000000006,0.03035999999999999,0.0,0.00042866537328833037,0.0030472909278770385,0.002624188086680765,0.0,0,2600
0.005060000000000001,0.03035999999999999,0.0,0.00045360637748486336,0.004443852142072715,0.0008141193234376666,0.0,0,2600
0.006325000000000002,0.03035999999999999,0.0,0.0004984285807126063,0.0010038891754403413,0.0010759921890210423,0.0,0,2600
0.007590000000000002,0.03035999999999999,0.0,0.0004962174944642238,0.0016258821691314367,0.003959543790580323,0.0,0,2600
0.008855000000000002,0.03035999999999999,0.0,0.0004293730934532363,0.003994344232992871,0.0042235010273656386,0.0,0,2600
0.010120000000000002,0.03035999999999999,0.0,0.0004565687776317938,0.0036273632453016564,0.0033306076078377296,0.0,0,2600
0.011385000000000003,0.03035999999999999,0.0,0.000494520271162894,0.0018192732411996058,0.0003712586144862657,0.0,0,2600
0.012650000000000003,0.03035999999999999,0.0,0.0004995982153399103,0.003890155109119057,0.002159244745875842,0.0,0,2600
0.013915000000000004,0.03035999999999999,0.0,0.00046448431549622564,0.001759305897360796,0.0001859669885791521,0.0,0,2600
0.015180000000000004,0.03035999999999999,0.0,0.0004667969432090738,0.0019387328978101397,0.0016532861545850827,0.0,0,2600
0.016445000000000005,0.03035999999999999,0.0,0.0004519925963539237,0.0016994637322498222,0.00044490708100407625,0.0,0,2600
0.017710000000000004,0.03035999999999999,0.0,0.0004877764051716683,0.002377224875955865,0.002038763198920061,0.0,0,2600
0.018975000000000002,0.03035999999999999,0.0,0.0004915835776652394,0.0009735109361542068,0.00026156755809752857,0.0,0,2600
0.0012650000000000003,0.03162499999999999,0.0,0.0004609264722212074,0.0012459312809071086,0.0014175280641108786,0.0,0,2600
0.0025300000000000006,0.03162499999999999,0.0,0.0004454015678020141,0.0037386174827801814,0.0024765802161649253,0.0,0,2600
0.0037950000000000006,0.03162499999999999,0.0,0.0004726351659263431,0.0003458688566367741,0.00016488417194401308,0.0,0,2600
0.005060000000000001,0.03162499999999999,0.0,0.00043231612744867566,0.0035124490370451317,0.0036653441529162687,0.0,0,2600
0.006325000000000002,0.03162499999999999,0.0,0.00048205117545750947,0.004070178945394642,0.004843826196375359,0.0,0,2600
0.007590000000000002,0.03162499999999999,0.0,0.00043279660828333255,0.0049462426038233715,0.0016774419236317947,0.0,0,2600
0.008855000000000002,0.03162499999999999,0.0,0.00043035603959636136,0.001958848901288086,0.0012315440552628067,0.0,0,2600
0.010120000000000002,0.03162499999999999,0.0,0.0004958455432914623,0.004759936395283183,0.0031619241871056612,0.0,0,2600
0.011385000000000003,0.03162499999999999,0.0,0.00042621820328843,0.00022210035007950827,0.001397856243230725,0.0,0,2600
0.012650000000000003,0.03162499999999999,0.0,0.00044532863596389693,0.0015551534022734796,0.0012887080032707218,0.0,0,2600
0.013915000000000004,0.03162499999999999,0.0,0.0004877074457637199,0.001522911447880985,0.0043261160051204246,0.0,0,2600
0.015180000000000004,0.03162499999999999,0.0,0.00048306555955882074,0.004307806468452996,0.0005251922987926307,0.0,0,2600
0.016445000000000005,0.03162499999999999,0.0,0.0004435605133348009,0.0031187898714693223,0.003878334223176381,0.0,0,2600
0.017710000000000004,0.03162499999999999,0.0,0.0004485348730704123,0.003725533004042442,0.0045626381995681345,0.0,0,2600
0.018975000000000002,0.03162499999999999,0.0,0.00043546898484612945,0.004939910815193631,0.003542450440297984,0.0,0,2600
0.0012650000000000003,0.032889999999999996,0.0,0.0004946642124126543,0.000889409075995752,0.0008254412461797846,0.0,0,2600
0.0025300000000000006,0.032889999999999996,0.0,0.00047750312433949085,5.049748366820762e-5,0.004904127484497812,0.0,0,2600
0.0037950000000000006,0.032889999999999996,0.0,0.000497171421310632,0.003395460721610438,0.0037800367659538868,0.0,0,2600
0.005060000000000001,0.032889999999999996,0.0,0.0004928258304058514,0.0009871676690841103,0.0016082955656669304,0.0,0,2600
0.006325000000000002,0.032889999999999996,0.0,0.0004871429702637497,0.0010041933584756298,0.0015325665179582201,0.0,0,2600
0.007590000000000002,0.032889999999999996,0.0,0.0004896654311796463,0.0012647569485126412,0.0026907308256566126,0.0,0,2600
0.008855000000000002,0.032889999999999996,0.0,0.0004898861444859058,0.0015326434219689092,0.004016255601958117,0.0,0,2600
0.010120000000000002,0.032889999999999996,0.0,0.00043542805258365024,9.28820508091688e-5,0.0049878718201377655,0.0,0,2600
0.011385000000000003,0.032889999999999996,0.0,0.0004850215801013513,0.0017986098727773678,0.004086911707134181,0.0,0,2600
0.012650000000000003,0.032889999999999996,0.0,0.00046874298600127636,0.0037583040372868074,0.001732106079577023,0.0,0,2600
0.013915000000000004,0.032889999999999996,0.0,0.00042655577948451904,0.0026802170405100883,0.00036502290727449935,0.0,0,2600
0.015180000000000004,0.032889999999999996,0.0,0.0004630399646295183,0.0031916607620850208,0.003089319437738525,0.0,0,2600
0.016445000000000005,0.032889999999999996,0.0,0.0004447988889631411,8.143164553528372e-5,0.0009869360450104482,0.0,0,2600
0.017710000000000004,0.032889999999999996,0.0,0.0004390920086169622,0.004927645733229178,0.0027636527682755293,0.0,0,2600
0.018975000000000002,0.032889999999999996,0.0,0.00044666951381850734,0.0034904463998305887,0.0037765937738344236,0.0,0,2600
0.0012650000000000003,0.034155,0.0,0.0004578513367431455,0.003996700284573636,0.002252534442355318,0.0,0,2600
0.0025300000000000006,0.034155,0.0,0.0004985536866899356,0.0037998285917271004,0.0042721666159223695,0.0,0,2600
0.0037950000000000006,0.034155,0.0,0.0004735103773906674,0.0036988503032345144,0.0035569586201030503,0.0,0,2600
0.005060000000000001,0.034155,0.0,0.00046837003133014607,0.004121432139386032,0.002616553731400559,0.0,0,2600
0.006325000000000002,0.034155,0.0,0.0004641777218712958,0.003360989271530337,0.0033582770013492564,0.0,0,2600
0.007590000000000002,0.034155,0.0,0.000467153267006346,0.004583213895297328,0.002715969403349958,0.0,0,2600
0.008855000000000002,0.034155,0.0,0.0004901393664531765,0.002059561130524129,0.004533038490971582,0.0,0,2600
0.010120000000000002,0.034155,0.0,0.0004541514760488687,0.004457588674657956,0.004367697689838712,0.0,0,2600
0.011385000000000003,0.034155,0.0,0.00045234504978249957,0.004522240037845564,0.0005516235283570321,0.0,0,2600
0.012650000000000003,0.034155,0.0,0.00043382086566232396,0.0006820563618043769,0.0009012320985384144,0.0,0,2600
0.013915000000000004,0.034155,0.0,0.0004976153842074445,0.004882106452343923,5.0390259188269904e-5,0.0,0,2600
0.015180000000000004,0.034155,0.0,0.00046807607368058995,0.0034864599694148734,0.003908472961040714,0.0,0,2600
0.016445000000000005,0.034155,0.0,0.0004914920647418013,0.0031307798372152075,0.004868118920374274,0.0,0,2600
0.017710000000000004,0.034155,0.0,0.0004566084200580299,9.831207585762948e-5,0.004667586990281887,0.0,0,2600
0.018975000000000002,0.034155,0.0,0.00042696447399626785,0.0009961168676114963,0.0019128260139293478,0.0,0,2600
0.0012650000000000003,0.03542,0.0,0.000444149612502131,0.0007617117009699243,0.0016006590293971943,0.0,0,2600
0.0025300000000000006,0.03542,0.0,0.0004380343122353137,0.0007061407133898985,0.0014784540148664795,0.0,0,2600
0.0037950000000000006,0.03542,0.0,0.0004954119524649454,0.00015075762334574197,0.004538755615949149,0.0,0,2600
0.005060000000000001,0.03542,0.0,0.0004333646113236927,0.0014121263964676908,0.00025139780484276567,0.0,0,2600
0.006325000000000002,0.03542,0.0,0.0004344381016611442,0.004690229576904086,0.0005119017723615306,0.0,0,2600
0.007590000000000002,0.03542,0.0,0.00048325582659755194,0.0007265971035237591,0.0013220145398188286,0.0,0,2600
0.008855000000000002,0.03542,0.0,0.0004562697472386431,0.0005333573924480618,0.0036665929574882725,0.0,0,2600
0.010120000000000002,0.03542,0.0,0.00045810693539851186,0.004434027737639486,0.0014069444814666073,0.0,0,2600
0.011385000000000003,0.03542,0.0,0.0004508919949534711,0.002031917758260762,0.0033402192838135948,0.0,0,2600
0.012650000000000003,0.03542,0.0,0.00046921753798428203,0.0044005114204336915,0.0027578565082525012,0.0,0,2600
0.013915000000000004,0.03542,0.0,0.0004467566326992825,0.0018229457104318857,0.0048776415087798,0.0,0,2600
0.015180000000000004,0.03542,0.0,0.00047983737006204806,0.0042498526808328035,0.0023169863443569198,0.0,0,2600
0.016445000000000005,0.03542,0.0,0.0004495504129876612,0.003507900234858476,0.002180861918501536,0.0,0,2600
0.017710000000000004,0.03542,0.0,0.0004874020028939091,0.0001953518853645986,0.0014652063306532085,0.0,0,2600
0.018975000000000002,0.03542,0.0,0.00046896817169611474,0.0014735934403084746,0.004780303891045393,0.0,0,2600
0.0,0.020000000000000004,0.0,0.0005000000000000001,0.0,0.0,0.0,1,2600
0.0,0.019000000000000003,0.0,0.0005000000000000001,0.0,0.0,0.0,1,2600
0.0,0.018000000000000002,0.0,0.0005000000000000001,0.0,0.0,0.0,1,2600
0.0,0.017,0.0,0.0005000000000000001,0.0,0.0,0.0,1,2600
0.0,0.016,0.0,0.0005000000000000001,0.0,0.0,0.0,1,2600
0.0,0.015,0.0,0.0005000000000000001,0.0,0.0,0.0,1,2600
0.0,0.013999999999999999,0.0,0.0005000000000000001,0.0,0.0,0.0,1,2600
0.0,0.012999999999999998,0.0,0.0005000000000000001,0.0,0.0,0.0,1,2600
0.0,0.011999999999999997,0.0,0.0005000000000000001,0.0,0.0,0.0,1,2600
0.0,0.010999999999999996,0.0,0.0005000000000000001,0.0,0.0,0.0,1,2600
0.0,0.009999999999999995,0.0,0.0005000000000000001,0.0,0.0,0.0,1,2600
0.0,0.008999999999999994,0.0,0.0005000000000000001,0.0,0.0,0.0,1,2600
0.0,0.007999999999999993,0.0,0.0005000000000000001,0.0,0.0,0.0,1,2600
0.0,0.006999999999999993,0.0,0.0005000000000000001,0.0,0.0,0.0,1,2600
0.0,0.005999999999999993,0.0,0.0005000000000000001,0.0,0.0,0.0,1,2600
0.0,0.004999999999999993,0.0,0.0005000000000000001,0.0,0.0,0.0,1,2600
0.0,0.003999999999999993,0.0,0.0005000000000000001,0.0,0.0,0.0,1,2600
0.0,0.002999999999999993,0.0,0.0005000000000000001,0.0,0.0,0.0,1,2600
0.0,0.001999999999999993,0.0,0.0005000000000000001,0.0,0.0,0.0,1,2600
0.0,0.0009999999999999929,0.0,0.0005000000000000001,0.0,0.0,0.0,1,2600
0.0005000000000000001,0.0005000000000000001,0.0,0.0005000000000000001,0.0,0.0,0.0,1,2600
0.0015000000000000005,0.0005000000000000001,0.0,0.0005000000000000001,0.0,0.0,0.0,1,2600
0.0025000000000000005,0.0005000000000000001,0.0,0.0005000000000000001,0.0,0.0,0.0,1,2600
0.0035000000000000005,0.0005000000000000001,0.0,0.0005000000000000001,0.0,0.0,0.0,1,2600
0.0045000000000000005,0.0005000000000000001,0.0,0.0005000000000000001,0.0,0.0,0.0,1,2600
0.0055000000000000005,0.0005000000000000001,0.0,0.0005000000000000001,0.0,0.0,0.0,1,2600
0.006500000000000001,0.0005000000000000001,0.0,0.0005000000000000001,0.0,0.0,0.0,1,2600
0.007500000000000001,0.0005000000000000001,0.0,0.0005000000000000001,0.0,0.0,0.0,1,2600
0.0085,0.0005000000000000001,0.0,0.0005000000000000001,0.0,0.0,0.0,1,2600
0.009500000000000001,0.0005000000000000001,0.0,0.0005000000000000001,0.0,0.0,0.0,1,2600
0.010500000000000002,0.0005000000000000001,0.0,0.0005000000000000001,0.0,0.0,0.0,1,2600
0.011500000000000003,0.0005000000000000001,0.0,0.0005000000000000001,0.0,0.0,0.0,1,2600
0.012500000000000004,0.0005000000000000001,0.0,0.0005000000000000001,0.0,0.0,0.0,1,2600
0.013500000000000005,0.0005000000000000001,0.0,0.0005000000000000001,0.0,0.0,0.0,1,2600
0.014500000000000006,0.0005000000000000001,0.0,0.0005000000000000001,0.0,0.0,0.0,1,2600
0.015500000000000007,0.0005000000000000001,0.0,0.0005000000000000001,0.0,0.0,0.0,1,2600
0.016500000000000008,0.0005000000000000001,0.0,0.0005000000000000001,0.0,0.0,0.0,1,2600
0.01750000000000001,0.0005000000000000001,0.0,0.0005000000000000001,0.0,0.0,0.0,1,2600
0.01850000000000001,0.0005000000000000001,0.0,0.0005000000000000001,0.0,0.0,0.0,1,2600
0.01950000000000001,0.0005000000000000001,0.0,0.0005000000000000001,0.0,0.0,0.0,1,2600
0.020000000000000004,0.020000000000000004,0.0,0.0005000000000000001,0.0,0.0,0.0,1,2600
0.020000000000000004,0.019000000000000003,0.0,0.0005000000000000001,0.0,0.0,0.0,1,2600
0.020000000000000004,0.018000000000000002,0.0,0.0005000000000000001,0.0,0.0,0.0,1,2600
0.020000000000000004,0.017,0.0,0.0005000000000000001,0.0,0.0,0.0,1,2600
0.020000000000000004,0.016,0.0,0.0005000000000000001,0.0,0.0,0.0,1,2600
0.020000000000000004,0.015,0.0,0.0005000000000000001,0.0,0.0,0.0,1,2600
0.020000000000000004,0.013999999999999999,0.0,0.0005000000000000001,0.0,0.0,0.0,1,2600
0.020000000000000004,0.012999999999999998,0.0,0.0005000000000000001,0.0,0.0,0.0,1,2600
0.020000000000000004,0.011999999999999997,0.0,0.0005000000000000001,0.0,0.0,0.0,1,2600
0.020000000000000004,0.010999999999999996,0.0,0.0005000000000000001,0.0,0.0,0.0,1,2600
0.020000000000000004,0.009999999999999995,0.0,0.0005000000000000001,0.0,0.0,0.0,1,2600
0.020000000000000004,0.008999999999999994,0.0,0.0005000000000000001,0.0,0.0,0.0,1,2600
0.020000000000000004,0.007999999999999993,0.0,0.0005000000000000001,0.0,0.0,0.0,1,2600
0.020000000000000004,0.006999999999999993,0.0,0.0005000000000000001,0.0,0.0,0.0,1,2600
0.020000000000000004,0.005999999999999993,0.0,0.0005000000000000001,0.0,0.0,0.0,1,2600
0.020000000000000004,0.004999999999999993,0.0,0.0005000000000000001,0.0,0.0,0.0,1,2600
0.020000000000000004,0.003999999999999993,0.0,0.0005000000000000001,0.0,0.0,0.0,1,2600
0.020000000000000004,0.002999999999999993,0.0,0.0005000000000000001,0.0,0.0,0.0,1,2600
0.020000000000000004,0.001999999999999993,0.0,0.0005000000000000001,0.0,0.0,0.0,1,2600
0.020000000000000004,0.0009999999999999929,0.0,0.0005000000000000001,0.0,0.0,0.0,1,2600
